Id,acoust,analog,bass,beat,drum,effect,electron,field,glitch,guitar,hit,loop,machin,metal,nois,percuss,record,space,synth,synthes,vocal,voic
1,-6.377565,-3.6186922,-4.290659,-3.2376595,-0.14894742,-1.484563,-1.570178,-6.7483664,-2.1327932,-6.649507,-3.2069137,-2.9389987,-3.896823,-3.4306164,-1.7488054,-0.83148795,-3.8102148,-4.957187,-4.139506,-5.5735784,-2.9791782,-5.249584
2,-3.533203,-3.388681,-1.4878701,-4.971468,-5.3180957,-3.3485463,-2.5027342,-5.1679,-3.8259258,-1.1637568,-3.8807359,-1.4374573,-4.7901845,-3.5920925,-2.5722482,-3.6346784,-3.6623979,-3.8791826,-1.34769,-0.50216633,-4.824264,-6.248475
3,-6.1202054,-3.2015421,-3.911543,-4.851162,-3.849319,-1.7747016,-2.6550896,-5.9315233,-0.98486894,-4.755729,-3.536781,-2.97942,-3.0616016,-5.67724,-1.9068793,-3.2227383,-3.9069707,-2.613384,-2.284278,-4.0852485,-3.821437,-5.4725175
4,-3.7622254,-5.9653926,-6.857847,-5.2785215,-2.2923622,-2.6816719,-3.2814744,-1.4839739,-2.2467556,-4.087835,-0.2751953,-5.8681164,-3.8668375,-1.7323984,-1.9630717,-0.8821099,-1.1303716,-4.2337747,-5.5989084,-5.23956,-3.6118283,-3.4496503
5,-4.8063107,-6.6805687,-7.3151913,-7.3950353,-5.902264,-4.150158,-3.998063,0.8890428,-4.067868,-4.002604,-2.289997,-6.401165,-4.407934,-2.6486773,-1.7148104,-2.9607484,0.8600392,-4.5831,-4.945246,-3.4646075,-3.5969052,-3.6966493
6,-3.1679413,-6.7783375,-5.3569093,-5.520093,-1.0740529,-3.04226,-3.9251826,-2.549629,-3.0100837,-4.3218246,-0.58084214,-6.180295,-5.2027287,-1.4637898,-2.9112504,-0.4787169,-1.9627059,-5.908261,-5.888886,-5.1614466,-4.569545,-6.0780644
7,-4.692569,-5.347784,-4.2018633,-4.606447,-4.1198435,-2.1637475,-3.3023407,-4.863019,-2.9526393,-5.4197335,-3.3894188,-2.4237964,-3.5961926,-1.1599405,-1.6351459,-1.2303374,-3.394017,-4.437923,-4.4333835,-4.883301,-4.14957,-6.0505495
8,-2.9495504,-5.2655854,-5.9438415,-4.723085,-4.40253,-2.3271177,-3.4491546,-4.1315756,-1.654688,-3.2013035,-2.4712453,-4.7835345,-2.811876,-4.1477466,-2.0657837,-2.211802,-2.77596,-3.3963814,-5.8949757,-5.426744,-1.3728127,-1.5555955
9,-5.7754393,-1.7846676,-3.466314,-5.1080904,-6.184877,-2.3133543,0.23874578,-3.2366145,-4.2112446,-4.5497384,-4.433174,-2.7591698,-1.9493109,-3.1557002,-2.2225235,-4.216305,-2.7647479,-0.9915495,-1.1509483,1.0239607,-3.4420233,-3.3534515
10,-2.8047526,-7.7183137,-4.213939,-5.5430346,0.0010821745,-2.9018915,-3.932033,-3.5614877,-4.0162582,-4.074984,-0.27381083,-5.943619,-5.5464034,-1.3085884,-3.7731314,-1.2852066,-2.7003086,-6.4835854,-6.434985,-5.04259,-5.3223224,-6.5799212
11,-6.0290933,-4.2861753,-3.9459677,-3.9055486,-0.47455007,-2.0372252,-2.281107,-6.350792,-2.4128528,-6.6160016,-3.2002711,-3.6536329,-3.842578,-3.7312784,-2.615762,-0.19108734,-4.032609,-4.678027,-4.8957067,-6.319104,-3.5740435,-4.8269897
12,-4.2601776,-3.7390652,-5.134296,-3.2965307,-4.6281075,-3.7978055,-2.6548355,-4.8239822,-2.4449024,-3.874771,-5.0668364,-1.4802711,-3.3485718,-4.819157,-1.6847059,-3.085764,-2.8883178,-3.5520408,-3.146714,-4.5804677,-2.3888125,-3.3431482
13,-6.9427943,-1.543068,-1.5818229,-4.1509733,-5.6002717,-2.741719,-1.5544342,-6.446254,-3.7353842,-5.22319,-6.2941813,-1.6981572,-3.198029,-6.703464,-1.9606138,-4.709173,-3.994542,-2.6442118,0.18141924,-2.3976836,-3.7085526,-4.171852
14,-3.5406108,-5.0282373,-2.3292725,-7.02769,-6.122353,-3.5758896,-3.406797,-3.5708544,-5.3823566,-1.8223739,-3.1456003,-4.858164,-5.3341007,-3.544114,-3.9869742,-4.798868,-2.7750146,-3.719426,-2.0981812,0.01939457,-5.909859,-6.157629
15,-4.0454397,-6.688345,-6.018523,-7.5046663,-4.3910613,-1.856723,-3.4325032,-3.808908,-3.4607277,-4.481978,0.037756786,-6.4663305,-4.4518237,-0.9615757,-2.783545,-2.6088634,-2.8887022,-5.204368,-5.8178315,-4.622212,-3.923723,-4.7151575
16,-5.1672997,-5.2365475,-7.2186227,-6.874942,-6.082374,-3.8471634,-3.5859282,-0.5836004,-4.0035224,-4.115675,-3.0834224,-5.5059967,-3.8530595,-3.9434638,-2.1900413,-3.8928137,-0.3225317,-3.3482306,-3.8051062,-3.119439,-2.5605836,-1.0195656
17,-7.432396,-3.6025498,-4.3715754,-7.153769,-7.270434,-2.4915528,-2.4785502,-5.144532,-3.8936033,-5.723015,-4.6383834,-4.0772114,-3.3120341,-5.725522,-2.2393055,-5.680887,-3.8293867,-2.2329876,-1.506277,-2.8979044,-3.6436412,-2.460946
18,-4.989175,-3.985161,-6.504414,-6.0528083,-5.927055,-3.2822719,-3.4795752,-4.8089285,-3.2047255,-4.7150087,-3.5471194,-5.3549356,-2.5383835,-6.0129585,-3.6273668,-4.213359,-4.01378,-2.2767289,-3.8952603,-4.805381,-0.4710205,1.6244956
19,-5.7566795,-2.3970525,-2.191135,-4.5012403,-5.9208975,-2.5384593,-2.328893,-7.325609,-4.093958,-3.968779,-6.1474447,-1.8012153,-3.545239,-6.3659177,-3.2785082,-5.1251245,-4.634426,-2.0883346,-0.7361325,-2.557351,-3.7332544,-4.396755
20,-6.2092385,-0.19480437,-3.8640509,-5.7256966,-6.644695,-1.351663,-0.24265063,-6.610388,-2.3487282,-4.5125527,-4.169525,-2.774098,0.100480445,-5.0871053,-2.5843673,-4.70188,-5.141837,0.26528272,-1.7317659,-2.5173056,-1.7462139,0.96609354
21,-4.042532,-6.5175533,-6.2993793,-6.6372147,-4.796248,-3.5492733,-3.8927176,0.55698663,-3.2674608,-2.6252513,-1.4533767,-5.543411,-4.3586354,-2.1755424,-0.91441154,-2.9596648,1.1165564,-4.5752845,-4.7547455,-3.0177236,-4.464898,-4.831158
22,-5.018235,-6.6714106,-7.339483,-6.7309437,-5.3217406,-4.072371,-3.7331944,1.0309743,-4.4840574,-5.0392656,-2.997604,-6.2774134,-4.2012634,-2.4441466,-2.17379,-2.822854,0.89096206,-4.120087,-4.5223064,-3.1926696,-3.5376854,-3.9313128
23,-4.466682,-5.391239,-5.895165,-4.3112507,-1.5287505,-2.427636,-2.3224468,-4.49162,-2.8869472,-5.5490985,-1.6473901,-3.6626298,-3.8163393,0.0559929,-1.8356043,0.6333857,-3.1243594,-5.0079684,-5.626395,-5.7900004,-2.6625154,-3.8216963
24,-3.230805,-7.081979,-3.1705465,-7.443817,-4.3414607,-3.0387974,-4.8249235,-4.949253,-5.1479034,-3.4287674,-1.857594,-5.188341,-5.6389656,-2.2124157,-4.437352,-2.9636478,-4.2740517,-4.5772243,-4.3792706,-3.7524714,-6.2633576,-6.4561
25,-2.8977368,-5.524172,-2.5133152,-6.456373,-5.996289,-3.4902642,-3.6729815,-4.635528,-4.7955704,-1.3532734,-2.8747776,-3.3270607,-5.572459,-3.0255709,-3.341258,-4.3179584,-3.4116538,-4.602926,-2.5508037,-0.901076,-5.7137666,-6.6781764
26,-3.7567132,-6.772867,-3.2502012,-4.2144594,1.3002806,-4.271553,-4.2639766,-4.225604,-5.762494,-5.400283,-2.9738889,-4.1633806,-6.6881886,-1.2373582,-5.3892994,0.38236052,-3.6190252,-5.7711577,-4.350245,-4.762437,-5.953669,-7.969588
27,-4.5186205,-6.087172,-6.113127,-5.1217394,-0.86588585,-3.038785,-3.6609576,-1.4500129,-2.5442915,-5.3087564,-0.86735356,-6.7268934,-5.083054,-1.9985079,-2.9387016,0.037601244,-1.093257,-5.628245,-5.4518957,-5.1849494,-3.592725,-4.8712616
28,-3.520624,-4.641715,0.862863,-6.030078,-4.9978786,-3.6143336,-3.564061,-7.3009768,-4.756262,-1.9397106,-4.63562,-3.3470485,-5.105208,-5.6755157,-4.2244163,-4.965926,-4.9821196,-4.9033074,-1.9470482,-2.5087953,-6.187746,-7.536446
29,-2.705207,-6.863962,-3.9509084,-6.278122,-2.6615422,-2.5499988,-3.8613863,-4.5397806,-3.838019,-3.4731421,-1.3203176,-6.242388,-4.8374124,-3.208331,-4.1110716,-1.7734463,-3.8045123,-5.2622952,-6.861908,-5.4481425,-3.5325887,-3.9252534
30,-4.5144544,-3.4453533,-5.3006783,-5.4568567,-6.2842975,-3.7281764,-2.6126266,-5.376975,-3.5536046,-3.7564793,-4.4959946,-3.495534,-2.3148851,-5.3856945,-3.5084527,-4.2985964,-4.6471,-1.9106718,-4.130322,-4.0959225,-1.1239052,1.8143196
31,-5.1586833,-4.560784,-2.903314,-3.4540443,-5.808001,-3.4416296,-2.310636,-2.073099,-2.5845215,-4.2750916,-5.601822,-4.202211,-2.4765282,-5.1395564,-2.6733932,-5.441953,-2.0002446,-1.4336281,-1.9888661,-3.3734868,-1.8395307,-1.3301617
32,-3.7172604,-4.5666327,-4.3506956,-3.4132588,-1.1539156,-2.4351013,-3.4880722,-4.710487,-1.610858,-4.128863,-2.9232874,-4.465543,-4.2146077,-5.0300384,-2.9692159,-0.83311117,-2.8716605,-3.8746498,-4.87649,-5.206636,-3.0469773,-4.0539303
33,-4.66064,-6.41611,-4.1240034,-5.8979836,0.5894714,-3.232591,-4.225976,-3.519781,-5.2274942,-5.791373,-1.3652278,-6.745664,-6.5096307,-3.3069758,-5.3840227,-1.4448239,-2.7418468,-5.7229223,-3.9659662,-3.8996425,-5.1848226,-6.4113603
34,-4.8568525,-2.357751,-2.2409973,-1.97488,-2.6544547,-3.5416548,-2.020251,-5.906863,-4.2163553,-3.859343,-5.8541803,1.1206151,-4.02998,-2.3932085,-2.5790958,-0.83942527,-3.6470273,-2.7995713,-0.097279176,-2.7900069,-3.8111145,-5.2053576
35,-3.1123743,-4.7992773,-4.3494544,-2.9650714,-2.311794,-1.414747,-2.703056,-4.696204,-0.34726948,-3.4655957,-2.3406568,-3.2188683,-2.840333,-4.3911996,-0.1258288,-2.0859106,-2.1049254,-4.154822,-4.949782,-5.172937,-2.683538,-4.924217
36,-7.4947095,-2.4752557,-5.738494,-7.3500357,-6.543615,-2.2217455,-1.9404707,-5.2387347,-3.4197772,-6.215341,-3.6617486,-5.3536205,-2.435072,-5.3831606,-3.3318083,-4.646053,-4.3683195,-1.778357,-3.378279,-3.4025037,-1.9388316,0.09099944
37,-5.530403,-3.3538978,-4.835501,-5.00642,-5.6883082,-3.3335168,-2.0089343,-5.3140883,-3.3307676,-5.1025095,-4.492304,-3.0742328,-2.1647382,-5.3358316,-2.521552,-3.486811,-4.3286114,-2.6705015,-3.634238,-4.785597,-1.2974664,0.98343015
38,-3.6929615,-6.0355673,-4.972777,-4.7013817,0.11249571,-3.294462,-3.7068284,-2.4162822,-2.8422546,-4.791042,-1.0890524,-6.2608027,-5.4222198,-2.321793,-3.0999181,0.047698434,-1.5523568,-6.1847153,-5.4204645,-4.867559,-4.2517304,-6.183044
39,-1.6774942,-8.017564,-5.303902,-6.6136856,-4.498056,-3.121899,-4.434228,-2.4385262,-3.633029,-1.9550707,-0.5083219,-5.4696565,-4.6799006,-1.5224603,-2.0516357,-2.536087,-1.6932459,-5.6413546,-6.8316264,-5.228177,-4.6954293,-4.9917746
40,-2.4077218,-7.6755595,-6.222453,-7.7040477,-4.897677,-2.5556386,-4.386468,-2.6530485,-3.876276,-2.9840517,0.107347906,-6.617435,-4.587199,-1.1519586,-2.9843376,-2.7987678,-2.2741535,-5.244199,-6.3305764,-5.0499988,-4.362514,-4.306966
41,0.7351647,-7.001439,-2.6014202,-4.7423863,-3.5631497,-4.5572805,-4.6115355,-2.7255619,-5.5300517,1.1166431,-1.8073967,-4.277798,-5.95255,-2.5454874,-4.1273894,-2.931356,-2.258621,-5.6233006,-3.9274151,-1.8470684,-4.8367276,-5.423432
42,-0.7705297,-5.7286506,-0.11770101,-5.5559015,-4.9012284,-4.399641,-3.9239714,-6.297742,-5.1568236,0.77686226,-3.6165853,-2.8315296,-5.4112563,-4.0497117,-4.3354373,-4.2845564,-4.8298388,-5.0183783,-3.6272514,-2.3679452,-6.0709257,-6.550929
43,-0.03956069,-7.4981146,-3.5231843,-5.732194,-3.5164979,-2.9234235,-4.3812056,-3.4365003,-3.8822527,-0.38107693,-0.96245193,-5.335848,-5.04052,-2.2532692,-3.0588803,-2.544114,-2.4053354,-5.6105404,-6.359191,-4.166087,-3.9832268,-5.02863
44,-2.90426,-6.8607464,-5.3461227,-6.028111,-2.8461118,-2.573801,-3.7855234,-2.0982244,-2.8427105,-3.094367,-0.15874696,-5.6911793,-4.579126,-1.7737976,-2.058406,-1.4537022,-1.4263734,-5.3722234,-6.1059337,-4.39846,-4.153725,-4.812346
45,-3.1625326,-6.196168,-1.3496007,-4.5476685,1.9002839,-3.3323762,-3.8061779,-5.584031,-4.6736736,-4.0724587,-2.731351,-5.7205825,-5.782586,-5.208796,-5.8408356,-2.1278114,-3.9514458,-5.659268,-5.351972,-4.4759746,-5.0859694,-5.8419247
46,-6.200884,-3.82491,-4.9736767,-6.541318,-7.142346,-2.8775566,-2.2652142,-3.1798878,-4.0056286,-4.6651793,-4.438906,-4.1126776,-3.1607363,-4.754929,-1.0333992,-5.1766853,-1.8882306,-2.928534,-2.0234299,-2.085001,-2.5842464,-2.8067782
47,-6.3197308,-3.0800805,-6.3195825,-6.4154596,-6.0899997,-2.9086618,-2.7866375,-4.818475,-3.1666455,-5.955123,-4.131342,-5.303626,-2.147428,-6.078978,-3.3381605,-4.7210636,-3.8924484,-1.901505,-3.2637517,-4.567234,-0.37557477,2.1719391
48,0.6162848,-7.9067774,-3.4117835,-4.14184,-1.1668943,-4.6577573,-4.7368484,-2.630809,-4.855041,-0.15655805,-2.5327241,-4.0997353,-5.94731,-2.3155828,-4.0334535,-2.142364,-1.7091699,-6.1072316,-5.756524,-3.8912134,-4.7780747,-6.2003293
49,-6.4016466,-4.056851,-5.7576647,-7.6714053,-5.5878453,-1.2902038,-2.5834124,-4.08789,-2.937718,-6.3833003,-1.0733612,-5.918706,-2.8798013,-4.3076987,-2.9365282,-4.140682,-3.3343031,-2.2130258,-2.1490974,-2.568063,-3.3531094,-2.5908294
50,-5.8306584,-1.330805,-2.9536,-4.9876223,-5.4383864,-2.1158762,-1.5877621,-8.224472,-2.7916515,-4.584868,-4.79212,-1.3057047,-2.948895,-5.960634,-3.261498,-4.296015,-5.710482,-2.1109803,-0.4318406,-2.7022212,-3.1051152,-3.4014397
51,-5.709263,-2.2896492,-1.2246809,-5.0718365,-5.5420437,-2.7297308,-1.3533788,-4.341374,-4.7184844,-4.571564,-5.035038,-3.667069,-3.192153,-5.9298997,-2.8703394,-5.44518,-3.02402,-2.4001913,0.12580751,-0.1826585,-4.188443,-3.628453
52,0.92774534,-7.8468046,-3.6843848,-5.8231993,-3.904804,-3.8732476,-5.0303426,-2.9117355,-4.8240566,0.67774904,-1.9115996,-5.0918097,-5.5473313,-2.6137433,-4.0096545,-2.901341,-2.3117034,-5.3330145,-5.905536,-3.6916623,-4.5849314,-5.004664
53,-3.4155195,-6.1208825,-6.09624,-6.0175786,-5.6774507,-2.3985384,-3.2149017,-2.6232483,-2.066217,-2.245887,-1.2755609,-4.382776,-2.9431896,-2.9496284,-0.13755378,-3.237965,-1.4670324,-3.944701,-5.850978,-4.62362,-2.8400688,-2.5028882
54,-6.882655,-1.6796452,-1.0340092,-4.4883327,-5.543123,-1.4584756,-0.9338572,-5.814262,-3.4997778,-5.5585337,-5.4758673,-1.7907121,-2.4175692,-5.7073994,-1.196777,-4.876231,-3.5286734,-2.4217422,0.32914257,-1.6936148,-4.0625873,-4.8096595
55,-1.7622353,-6.2699213,-1.6830114,-5.3592935,-1.40307,-3.9375029,-4.05306,-5.2969613,-4.3489423,-1.5503246,-2.7817068,-5.0191116,-5.3936715,-5.0271206,-4.7331567,-2.8253107,-3.945425,-5.27375,-5.0906653,-4.0186415,-4.8187222,-5.258167
56,-1.4037169,-7.287407,-5.0902815,-6.2903347,-4.6568,-2.8396437,-4.1142273,-2.1869724,-3.1562667,-1.2620084,-0.2678817,-5.3451996,-4.539018,-2.1795244,-1.452792,-2.7927675,-1.1343554,-5.5816092,-5.692057,-4.0082574,-4.227652,-5.351993
57,-5.737932,-2.3575904,-1.7407532,-5.7803454,-6.489366,-2.5917277,-1.8554126,-5.237097,-4.521193,-3.482244,-5.432869,-2.8786504,-3.0688314,-6.0044594,-2.6348372,-5.831938,-3.1327493,-1.916128,-0.7101832,-0.9498385,-4.543143,-4.724509
58,-5.4537754,-5.1800194,-4.7079554,-6.607005,-5.3854103,-4.0769753,-2.958337,-1.1397909,-5.612622,-4.793751,-3.8016932,-4.8585796,-4.8490367,-1.772619,-3.455379,-3.4881701,-1.098434,-3.4982865,-2.3004255,-0.9514406,-5.4139843,-5.823561
59,-2.2902598,-6.1642904,-4.930644,-6.0036597,-3.3243737,-2.4675424,-3.490772,-2.8416255,-2.6718905,-2.288367,-0.0033525825,-5.4342318,-4.2542157,-2.2607217,-1.8009814,-2.556209,-1.6631528,-5.0683346,-4.75915,-3.734751,-4.403704,-5.2905965
60,-5.1879654,-1.883136,-2.9920573,-3.414378,-4.088552,-1.7139211,-1.9984179,-8.272212,-2.7325094,-5.09976,-4.842539,-0.51929766,-2.8213148,-4.9532247,-3.0458727,-3.0589545,-5.8672504,-2.210399,-1.0721914,-3.6801157,-3.2643204,-3.1373827
61,-4.3686647,-6.1685796,-4.670265,-4.8885474,0.61751723,-3.318226,-3.5395038,-2.5614789,-3.2683437,-5.4907265,-1.307075,-6.6355886,-5.6282578,-2.3757987,-3.5154607,0.0035954984,-1.7737619,-6.3387923,-5.6294727,-5.1297255,-4.4253707,-6.0827727
62,-5.8945804,-2.3506763,-0.88688034,-5.402123,-5.8055754,-2.2721486,-2.2213728,-6.2542744,-3.6534925,-3.9973044,-5.059449,-2.810858,-3.306141,-6.5853324,-2.8514209,-5.5191984,-3.9888668,-2.4265099,0.20678978,-1.491271,-4.619839,-5.007621
63,-4.2737083,-3.9519832,-0.8274046,-4.4242287,-5.8668733,-2.4203866,-2.193837,-7.1970615,-3.8869796,-3.1034317,-4.568695,-0.8032389,-3.3912313,-3.2757893,-2.5026681,-3.863314,-5.667309,-3.2252192,-2.3152714,-2.1208515,-4.933714,-5.155332
64,-3.6593177,-3.122113,-2.5292625,-0.63642967,-2.0271127,-2.448084,-2.3998437,-6.0506783,-2.1521592,-3.066299,-5.0147305,1.6208633,-3.066306,-4.4110913,-0.7580372,-1.6770848,-2.9727051,-3.762675,-1.3202978,-4.558562,-2.9821088,-4.0112715
65,-3.5974228,-6.0631447,-5.4052076,-4.66553,-0.24836159,-3.480493,-3.7902436,-1.9787683,-2.8462744,-4.600617,-1.268712,-6.4135876,-5.3573046,-2.0781765,-3.2862844,0.3838672,-1.542542,-5.9508033,-5.834655,-5.332144,-3.8356469,-5.396778
66,-5.4430704,-5.018837,-3.8046823,-5.021925,0.26281524,-1.5180819,-2.4669447,-4.6886773,-2.6201024,-5.7021985,-1.2388655,-5.2885647,-4.429599,-3.4734893,-3.199748,-1.3270775,-2.8807094,-5.359627,-4.9843893,-4.9386053,-4.4378343,-5.8664784
67,-6.9061723,-4.1621475,-7.0212913,-6.6129704,-6.0855274,-3.6203096,-2.7114937,-1.7954192,-3.8141751,-6.179157,-3.8738117,-5.2878437,-3.113593,-4.0383363,-1.7599958,-3.1974106,-1.4884461,-3.026265,-3.8042686,-3.4957035,-1.7776399,-1.1517991
68,0.325045,-6.58663,-1.6381489,-5.0523925,-3.9512491,-4.527718,-4.1988125,-3.978864,-5.6864014,0.9022268,-2.389938,-4.1324077,-5.787708,-3.411283,-4.6954694,-3.61239,-3.2582572,-5.339871,-3.7328126,-1.4900086,-4.8954825,-5.378298
69,-3.9078102,-5.7565694,-5.9667716,-4.4675794,-0.26124457,-3.517328,-3.6214917,-1.3109732,-2.428842,-4.720759,-0.9826554,-6.258142,-4.9527154,-2.2513995,-2.8237858,0.41270456,-0.876923,-5.745542,-5.524737,-4.955182,-3.3066747,-4.855005
70,-6.6642804,-1.9686304,-1.3725379,-5.2072678,-5.896451,-1.3688728,-1.4689586,-5.700303,-2.921986,-4.896993,-4.7103333,-2.2064278,-2.8291316,-6.0804553,-1.081551,-5.2228093,-3.1720316,-2.6886957,0.5969862,-1.5651693,-3.942619,-5.064801
71,-3.6269484,-7.1610374,-5.861024,-7.686018,-4.2669153,-2.114102,-3.8447144,-3.4703333,-3.7452166,-3.7854009,0.19203413,-6.240655,-4.955294,-2.0380692,-3.144817,-3.2302527,-2.6924074,-5.052406,-5.052329,-4.1673684,-4.7289395,-5.6228366
72,-5.7550383,-6.38789,-6.9307256,-7.672984,-6.0689454,-4.114704,-3.789835,0.79382265,-4.611706,-4.3988557,-2.8758984,-6.2951317,-4.524055,-2.6906815,-1.962439,-3.517737,0.6748484,-4.252254,-4.596532,-2.8770776,-4.13401,-4.192558
73,-4.2202454,-0.30906296,-3.0448792,-2.886645,-4.057543,-1.1039038,0.3346915,-1.905576,-2.2616706,-2.2938027,-3.721704,0.060149178,-1.5539224,-2.1554446,0.4627908,-2.832117,0.19382577,-1.352024,0.756122,0.801134,-2.4815438,-3.5253556
74,-4.0848074,-3.7611187,-3.3685112,-3.2343838,-3.1307442,-0.8612322,-2.7236378,-5.732892,-0.8633581,-3.8856287,-3.8788621,-2.3902,-3.1154747,-4.416752,-0.61259997,-2.6691465,-2.7282875,-3.353874,-3.9026866,-4.8519683,-3.567175,-5.461124
75,-4.4852695,-6.1095166,-5.717,-7.6836267,-4.53321,-1.883592,-3.5840755,-3.2374773,-3.449305,-4.4112434,0.22185975,-6.3006363,-4.2216945,-2.6020937,-3.10021,-3.3024468,-2.682042,-4.0239677,-3.9359865,-3.0900111,-4.4353065,-4.6155086
76,-6.8229027,-4.5076704,-4.4928827,-5.430685,-0.18285736,-1.8943923,-2.8374445,-4.2559986,-3.5544658,-7.2554107,-2.1755054,-6.0952015,-4.519939,-4.97391,-4.2479477,-2.267652,-3.1211426,-3.9481876,-3.5673256,-3.8159647,-4.293209,-4.646863
77,0.18487586,-6.191741,-2.2201085,-4.8506193,-5.3666587,-4.1795044,-4.045628,-4.940445,-4.346675,1.6077738,-3.4744186,-2.4510682,-4.798444,-3.8157258,-3.2370038,-4.3654375,-3.4401672,-4.9405675,-4.729122,-2.873712,-4.2535577,-4.9032693
78,-4.983824,-3.5774417,-6.414377,-5.5601206,-5.764192,-3.5749166,-3.037293,-4.3956604,-3.2100976,-3.7726843,-4.263181,-4.2043552,-2.7040248,-5.520003,-3.3797255,-4.342307,-3.4738514,-2.4320614,-4.7166557,-4.684155,-0.8530402,1.7349509
79,-6.269889,-1.5823159,-1.2647566,-4.677174,-5.913256,-1.8948666,-0.8511307,-5.218888,-3.1752172,-3.854044,-4.9219933,-1.4550949,-2.4391756,-5.7291036,-0.8700796,-5.2018766,-2.9297397,-2.352195,0.23583423,-0.908234,-3.8362877,-3.9778657
80,-5.5568066,-1.7934971,-1.6969252,-4.4798098,-5.6959243,-2.193414,-1.665096,-6.3435555,-4.00568,-4.108475,-6.221508,-2.2541435,-2.7207942,-6.678964,-2.5037332,-5.8439465,-3.559571,-2.033813,-0.4336413,-1.6355197,-3.20107,-3.8645945
81,-4.1263294,-4.6972218,-5.866828,-2.6446507,-2.0057068,-3.6347334,-2.7218437,-4.120982,-2.507033,-4.8690495,-3.7381973,-1.5564895,-2.9545112,-3.3684587,-2.4473338,-1.8285321,-2.879396,-3.9120696,-4.419956,-5.744546,-2.027276,-1.2993237
82,-3.0219805,-5.2130365,-3.9495015,-3.2646787,-1.9548322,-2.1048136,-3.6203594,-5.5992346,-1.9721094,-3.418839,-3.129775,-3.670208,-4.1271677,-5.503489,-2.5163755,-2.2776995,-3.1165802,-4.508274,-4.8728023,-5.5718565,-2.4185255,-3.897098
83,-4.1985416,-3.5745714,-1.1791297,-5.068034,-6.403298,-2.9257712,-2.9243472,-6.944073,-4.4942217,-2.645282,-4.5206375,-1.7022091,-4.3426332,-4.755466,-2.952633,-4.3622055,-5.1296806,-3.4894633,-1.2795566,-1.876466,-4.9152045,-5.451948
84,-2.960475,-6.165274,-6.2307863,-6.2293754,-5.356028,-2.866594,-3.6854455,-1.995942,-2.5488486,-2.13992,-1.3223884,-5.0876036,-3.478609,-3.262393,-1.1688896,-3.1690807,-1.1796237,-3.8911197,-5.524612,-4.073763,-3.1362221,-2.8273485
85,-4.304821,-5.994609,-7.4647007,-5.965541,-5.6964126,-3.9225783,-3.7076552,-0.23701061,-2.8560402,-2.8044052,-2.1140442,-4.714551,-3.5890453,-2.5305262,-1.0153655,-2.6221852,-0.017263278,-3.992952,-5.372687,-4.384762,-2.696922,-2.1409366
86,-2.1908386,-5.503381,-2.6981015,-4.1628056,-1.5136014,-1.593548,-2.773329,-5.0451584,-1.7487729,-2.6903484,-1.4265301,-4.3296547,-3.8123987,-2.9443674,-2.1258998,-2.255062,-2.7414176,-5.2582793,-5.7163453,-4.689888,-3.5287328,-5.604826
87,-2.7102196,-7.49472,-5.7088556,-7.463161,-4.6675363,-2.5329142,-4.200545,-2.2192872,-3.8673482,-2.9483447,-0.09117302,-5.9326277,-4.9060726,-1.3709917,-2.6146579,-3.1375265,-1.7363012,-5.1786265,-5.0560937,-3.6462815,-4.955566,-5.905707
88,-3.6858923,-6.154724,-4.557086,-4.581564,0.41198912,-3.225455,-3.685869,-2.0167487,-2.9379115,-4.529298,-1.0322083,-6.1102123,-5.4160705,-2.7083478,-2.7828221,-0.108974785,-0.99791366,-6.4101434,-5.282781,-4.6404233,-4.432113,-6.4884124
89,-3.9194582,-5.067521,-5.0362897,-6.9646397,-5.682119,-2.6100702,-3.160587,-2.1675625,-3.7685037,-2.162365,-1.1015625,-4.886338,-4.0738254,-2.9507108,-2.4983647,-3.4358177,-1.6550199,-3.1485498,-2.9291062,-1.6279919,-4.795812,-4.5447993
90,-7.065393,-1.0970663,-3.4372296,-6.243622,-6.267169,-0.003798712,-0.7620579,-7.049514,-2.615026,-6.2245717,-4.105886,-3.0965316,-1.2067776,-4.469485,-3.0513983,-5.1184053,-5.2557425,-0.11156824,0.07874535,-1.896901,-3.2543654,-3.120765
91,-4.30581,-5.111067,-4.745704,-4.0129557,-0.9179984,-3.0397346,-3.3202765,-3.544564,-2.3137207,-4.8260922,-2.2236993,-5.913183,-4.763987,-3.4245486,-3.8649852,0.21239871,-2.5386355,-4.774175,-5.5979605,-5.8864503,-2.5375664,-4.0597277
92,-1.8474479,-6.949659,-6.2011604,-6.0757046,-4.2310653,-3.251838,-4.1512337,-0.7277197,-2.9424536,-1.507577,-0.077047184,-5.567148,-4.3881125,-2.1935358,-1.3841115,-2.2465715,-0.15733305,-4.9538593,-5.2820044,-3.8023503,-3.8394797,-4.361952
93,-2.0553992,-5.214901,-1.0094968,-5.667052,-6.254331,-3.508087,-3.3624172,-5.830235,-4.9088736,-0.31090412,-3.373099,-2.4843292,-4.877248,-2.7571816,-3.3617136,-4.3948917,-4.6741953,-4.1909122,-2.8919291,-1.289131,-5.740623,-5.8321853
94,-5.688125,-2.6624448,-3.2295558,-2.514472,-1.5274129,-2.6330879,-2.7077491,-6.6205845,-2.0210252,-4.9302754,-5.8718147,-1.0316832,-4.5619564,-5.651174,-2.4350748,-2.65751,-3.2646854,-4.078284,-2.394384,-4.457265,-4.233729,-6.5148945
95,-2.1645708,-7.8544827,-4.3596106,-5.90027,-0.6097977,-3.13744,-4.298745,-3.2500215,-4.2412777,-3.4999776,-0.35905707,-6.1183295,-5.974514,-1.4745516,-3.9530187,-1.5814768,-2.4749725,-6.7852263,-6.0560293,-4.6781273,-5.2360463,-6.7400775
96,-2.4271078,-5.3033905,-4.8066297,-4.152934,-4.758652,-2.4382038,-2.9824498,-2.8898084,-1.8098756,-1.330205,-2.0675511,-2.1607306,-3.3183212,-3.0691662,-0.071590185,-3.2713346,-1.0262146,-4.6464095,-4.073844,-3.4051714,-3.0929565,-4.3910317
97,-7.020211,-3.0371602,-6.2659535,-6.8603067,-6.138692,-2.5218494,-2.4110339,-5.1495595,-3.1933265,-6.3551745,-3.5483086,-5.6126614,-2.3876624,-5.5335155,-3.29538,-4.5352554,-4.2394056,-2.2254553,-3.7378855,-4.378978,-0.90751016,1.2018774
98,-1.3939738,-5.4875827,-1.7100163,-4.0565934,-4.7189083,-3.6834123,-3.220751,-5.196808,-4.878539,-1.2974235,-4.011975,-1.7169434,-3.9468744,-1.461001,-3.3434372,-2.9856412,-4.4354568,-3.775025,-3.1186833,-2.5239487,-4.747515,-4.8688455
99,-5.038643,-5.191674,-7.3903446,-5.7506533,-5.5394683,-3.9416125,-2.8771322,0.7819283,-3.9357667,-4.75112,-3.5780056,-5.556229,-3.47819,-3.4868722,-1.5532173,-3.4339786,0.8143942,-3.529784,-3.8510222,-2.8903055,-1.3461806,-1.3904934
100,-1.4739171,-4.4300714,-1.5727314,-3.242553,-3.3601391,-3.8879364,-3.2070622,-5.4163117,-4.64822,0.3241109,-3.800539,-0.77206826,-4.7800927,-3.3549132,-3.3873758,-3.362235,-3.887584,-3.5991356,-2.3512383,-1.6161991,-4.8751187,-4.8834314
101,-5.4901724,-3.0372982,-2.6224706,-1.7304113,-0.3779366,-2.1932354,-2.0053575,-7.422861,-1.5517893,-5.9898987,-5.1444902,-1.2395,-4.309584,-5.1566,-2.7552736,-1.6463549,-4.109569,-4.660279,-2.9004455,-5.088238,-3.7521923,-6.777389
102,-2.553148,-5.3452587,-3.7347252,-3.3922904,-4.676028,-3.2605007,-2.7767324,-2.7520223,-3.3606412,-1.3654332,-3.371417,-0.8356362,-3.3699088,-1.3433359,-0.4334669,-2.601926,-1.55825,-4.143432,-3.7298872,-2.9457893,-3.9984167,-4.9075303
103,-5.8122053,-3.2512753,-3.0297418,-6.663191,-6.5631504,-2.9324677,-1.9344459,-3.2581215,-4.796729,-4.1023073,-4.088419,-4.454224,-4.0193515,-5.319958,-2.71357,-5.7708654,-2.174459,-2.275212,-0.03476043,0.717281,-4.5455127,-4.8410044
104,-0.85439897,-5.970479,-2.0172315,-6.6266956,-6.289146,-3.6707866,-3.9352982,-3.9247751,-5.3240924,0.41869482,-2.9204702,-4.2442284,-4.546181,-3.8009872,-3.6471467,-5.290886,-3.056998,-4.076035,-3.1286373,-1.2665217,-5.2351117,-4.9974065
105,-0.8971384,-7.424903,-4.823165,-6.3497257,-4.6082125,-3.3123248,-4.5181518,-2.8682034,-3.45974,-0.6095043,-0.84189725,-5.1996746,-4.5860405,-2.718822,-2.177597,-2.6209476,-1.9546633,-5.3299613,-6.4316463,-4.5118217,-3.7409441,-4.3004975
106,-5.029787,-4.1690025,-2.1867352,-6.8307285,-5.650997,-3.3345792,-2.694865,-3.4769614,-5.1961393,-3.5092952,-3.6244667,-4.619014,-4.7620387,-5.1997824,-3.1963043,-5.269721,-2.436822,-3.296434,-0.74076104,0.10299944,-5.0981655,-5.236049
107,-3.552771,-3.2110646,-1.3112696,-1.9043466,-0.8453572,-3.6243634,-2.7168505,-5.9889803,-4.581242,-2.79046,-4.5891304,0.5075424,-5.3565345,-2.7610579,-3.9092996,-1.0756658,-4.4795127,-3.94497,-0.22126858,-1.5584129,-4.157833,-6.0482183
108,1.318869,-2.2073364,1.1507196,3.3348339,1.9571227,-2.9299395,-1.8947968,-4.9901457,-2.830529,-0.18049835,-4.7097235,2.5719438,-2.603867,-3.0571065,-3.0174875,-0.4945409,-3.2251556,-3.4403586,0.8921398,-2.1859422,0.13613084,-0.8431375
109,-3.8288631,-4.5874166,-3.2265162,-2.2264252,-2.853235,-2.491339,-3.1211345,-6.442848,-1.827378,-3.8943887,-4.165462,-0.08499415,-3.3984253,-3.2035098,-0.5750472,-0.99925596,-4.04432,-4.5377183,-4.2367134,-6.0604377,-3.6514516,-5.0843673
110,-5.746872,-2.473836,-2.9364655,-1.7025163,-0.9035307,-3.246381,-2.0059512,-7.204823,-2.6257381,-5.672269,-6.090147,-0.8694229,-4.380837,-6.1214437,-2.9218276,-2.662014,-3.8324091,-4.473492,-1.9385768,-4.465684,-3.3640056,-5.806022
111,-3.1917813,-7.1247377,-6.8058796,-7.0008936,-5.112245,-3.9227211,-4.3965645,0.4367842,-4.239736,-2.5868716,-1.7334354,-6.784746,-4.634025,-3.3506203,-2.3292952,-3.0102694,0.623774,-4.8445115,-5.482077,-4.0750427,-3.2663357,-2.8222241
112,-0.5640832,-6.29406,-0.51099914,-3.823809,-0.45279992,-4.0464044,-3.7343266,-5.3051624,-4.6040754,-0.2977629,-3.2097402,-3.44724,-5.948958,-3.6197958,-4.76206,-2.8469534,-3.3048446,-6.4709167,-4.7796936,-3.4552157,-5.2659826,-7.200274
113,-4.0948257,-6.524394,-6.2287626,-7.387142,-5.998399,-4.1364107,-3.6349227,0.39121318,-4.875949,-2.8718498,-2.8600976,-6.219425,-4.1497197,-3.0745134,-2.4172506,-4.2047496,0.37119365,-3.7512367,-4.71451,-2.542035,-4.338142,-3.7391171
114,0.2594818,-7.750067,-3.132391,-4.58819,-1.5374998,-4.1071057,-5.0158467,-2.8269584,-5.3495593,-0.6061973,-1.7965181,-4.8149176,-5.9265575,-2.2142544,-4.3270535,-2.359867,-2.1206644,-5.7162976,-4.973859,-3.0333962,-5.1832967,-5.727898
115,-4.102659,-5.8341513,-5.281307,-5.121278,-0.9935924,-3.2956634,-3.704911,-2.4240987,-2.6752229,-4.8379927,-1.7536993,-6.608225,-4.9962664,-2.8935666,-3.381381,0.028129023,-1.8018999,-5.343469,-6.0681443,-5.7144217,-3.5937715,-4.5807953
116,-4.516722,-2.4227989,-1.2373629,-2.8942873,-2.640731,-3.5213866,-2.3623712,-5.0937805,-4.32821,-3.1219783,-4.7431307,-0.61537826,-4.8956485,-3.9621463,-3.484547,-2.3516989,-3.8974886,-3.1185575,0.19586371,-0.44454896,-4.741276,-5.985086
117,-4.3809967,-5.4120674,-5.315792,-5.79858,-3.6781719,-2.4694126,-3.6747632,-4.3167315,-2.9489517,-4.748176,-2.4141793,-6.0338726,-3.3981636,-4.837926,-3.8129845,-2.173472,-3.5763173,-3.336963,-5.6132154,-5.4425745,-1.9731256,-0.94128823
118,-3.5234807,-5.9461365,-4.025873,-3.964348,1.1770155,-3.7010996,-3.8591366,-3.692917,-3.192982,-4.8864846,-2.568685,-6.361477,-5.8562202,-4.0182633,-4.68599,0.5598598,-2.621542,-6.1324344,-6.100513,-6.0071607,-3.217179,-4.998592
119,-5.0398254,-5.225154,-5.3161206,-4.5076756,0.15720075,-3.527428,-3.4628587,-1.7472312,-2.9029734,-5.694732,-1.7714579,-6.893942,-5.4193683,-3.5969362,-3.713509,0.2569828,-1.1928883,-5.530368,-4.8171816,-4.781037,-3.1790707,-4.7873406
120,-3.991347,-5.6726885,-2.2023761,-4.4769955,1.8892268,-3.0337205,-3.4726171,-5.15686,-4.0830517,-5.0129085,-2.577978,-5.367467,-5.2795463,-4.6726565,-5.167595,-1.5577121,-3.603328,-5.3548713,-5.4974756,-4.8117013,-5.0705733,-5.431728
121,-5.9902306,-4.512991,-5.5656986,-4.7625084,-3.4508846,-2.9122033,-2.7800052,-5.0919833,-3.7721984,-7.1940536,-3.9084973,-3.1168687,-4.1042123,-0.5357732,-3.4088202,-0.16725197,-4.0674767,-3.5617976,-3.4461682,-4.491928,-3.4679086,-5.575456
122,-6.568572,-3.506746,-4.3043113,-7.320149,-6.6472325,-2.5695975,-3.3923619,-5.849072,-4.1497855,-5.8263965,-3.7284,-4.3654757,-4.1804004,-6.140343,-4.1582613,-5.547845,-4.498601,-2.23399,0.52713895,-2.365912,-3.7421973,-3.5502868
123,-4.667217,-3.8180623,-4.018135,-3.639686,-4.7614446,-3.6875718,-1.3365083,-1.9706206,-3.7180276,-4.4422812,-4.9914722,-3.187205,-1.6710241,-4.0257163,-1.5762739,-3.5199285,-1.9181483,-2.442555,-2.7535248,-2.9757323,-1.7184043,-0.7664964
124,-2.1019309,-5.329454,-3.3332682,-3.0882957,-2.5327144,-3.4267507,-3.0902112,-4.820951,-2.1673474,-1.3811741,-2.9588404,-1.258932,-4.0861635,-3.2791433,-0.87226325,-1.9566652,-2.3398068,-5.684502,-5.0457187,-4.524086,-3.8078601,-5.2156963
125,-4.4385157,-4.683895,-5.7145023,-6.3449636,-5.8683877,-1.8292229,-2.9711118,-3.3495681,-1.9264944,-3.8283744,-2.3743672,-4.9639635,-2.1610408,-4.9442515,-1.0244588,-4.7691,-1.9958998,-2.967128,-3.9897857,-4.2098255,-2.0776196,-1.2851514
126,-3.2997792,-4.7719955,-5.8951225,-5.0736656,-6.065472,-3.5139163,-3.867682,-5.712595,-2.183385,-2.7526476,-3.997023,-3.206672,-2.8125384,-5.7654624,-2.2871652,-4.2077513,-4.100041,-3.3463864,-4.7052717,-5.6704206,-0.9600054,-0.19037579
127,-5.5924263,-2.1598575,-3.6176696,-5.238557,-6.0799813,-2.4407105,-1.0821359,-3.4928515,-4.19813,-4.909925,-5.013015,-3.632036,-2.5444794,-3.2721763,-3.3038,-5.27606,-2.652489,-0.59345526,-0.021631911,1.0689902,-3.3161767,-3.559315
128,-6.1046133,-4.239945,-6.9654713,-6.6293364,-6.387254,-3.2055757,-2.5091426,-1.2870438,-4.2949963,-5.2181334,-4.453841,-5.181708,-3.3740475,-3.3543,-2.2222562,-4.6738544,-0.851461,-2.2765024,-2.810267,-1.3410628,-2.723358,-3.0273423
129,-3.3016617,-7.4632397,-5.523589,-7.1055026,-3.6479232,-2.3668444,-4.038903,-3.0044022,-3.2390783,-3.8531835,0.15395007,-6.165675,-4.652203,-1.333587,-2.792934,-2.1812925,-2.4602149,-5.197818,-6.348296,-5.139804,-4.841856,-5.0834785
130,-6.3981423,-3.814781,-6.754567,-7.6716585,-7.112871,-2.6845272,-3.4905593,-3.8623874,-3.9344695,-5.8222284,-3.3862224,-6.253965,-2.998961,-5.5797296,-3.8975961,-5.2353206,-3.3452675,-1.8277426,-2.551575,-3.4133132,-1.5356195,1.1662575
131,-2.815982,-6.1567955,-0.8248008,-4.453017,1.0439261,-3.7462397,-3.8079848,-5.5380535,-5.061705,-2.7929811,-3.0910137,-4.4376802,-6.3751245,-4.633984,-5.1616397,-2.2819011,-3.7578657,-5.740523,-4.584056,-3.7371688,-6.351029,-7.779757
132,1.1120161,-7.136442,-1.4235862,-4.8376155,-3.1887991,-4.5825133,-4.477476,-4.931205,-5.271826,1.5690186,-2.6747894,-3.6975114,-6.034624,-3.5484843,-4.8303814,-3.3671815,-3.773183,-5.897927,-4.7584934,-3.0977023,-5.065714,-5.84055
133,-0.27403378,-5.20313,-2.9587817,0.81403774,0.5907118,-3.942476,-3.3456006,-3.0044367,-3.3776183,-1.6200235,-3.80242,1.1070868,-4.1406903,-1.3788062,-1.8403288,0.008362261,-1.4075086,-5.45302,-2.6278977,-3.933442,-2.2701833,-4.110315
134,-6.511995,-1.3176987,-2.7324934,-3.386484,-3.7855852,-2.2720006,-1.5046923,-6.1876764,-2.4737864,-4.819688,-5.5490675,-1.02413,-3.8234959,-5.870646,-1.7320275,-3.7064447,-3.356312,-3.2209506,-0.16620576,-2.465909,-3.809694,-6.1046176
135,-1.778055,-6.393898,-4.4513955,-6.420886,-3.6285284,-3.7572482,-4.3187137,-2.864412,-5.3253465,-1.6007464,-1.5219088,-5.916222,-4.8788953,-3.2959938,-4.980303,-3.5966103,-2.9271667,-3.9755156,-4.393427,-2.474126,-4.028369,-2.8811517
136,-2.4780834,-5.0667324,-4.9729543,-4.8242855,-6.126764,-3.0045493,-3.380177,-5.3894205,-2.2420897,-1.2702848,-3.4139168,-2.3756044,-2.7580807,-5.053781,-1.5355242,-4.4780455,-3.5731738,-3.5729833,-4.9861894,-4.9641895,-1.6992989,-0.9391166
137,-1.0575007,-7.406416,-3.0574858,-5.6093245,-2.218592,-2.7466977,-4.2081933,-4.6220627,-4.00353,-1.7539284,-1.0843923,-5.115119,-5.3078146,-2.1145525,-3.9456954,-2.306089,-3.53071,-5.8683176,-6.537051,-4.707288,-4.83832,-5.5930867
138,1.2965697,-6.6591625,-2.0799346,-5.334141,-5.1063256,-4.192901,-4.540375,-4.7534347,-4.9575424,2.4371796,-2.6891434,-3.0439885,-5.340898,-3.148542,-4.120497,-3.9535124,-3.735655,-5.0234694,-4.647846,-2.8407617,-4.9435315,-5.2878575
139,-1.6414492,-5.1348805,-2.1419392,-1.7145519,-1.6186554,-5.148534,-3.727631,-5.500923,-4.9502773,-1.377053,-5.0067763,-0.6249944,-5.764127,-2.6714387,-4.5418034,-2.062111,-4.2964544,-4.6684237,-2.4646003,-2.762749,-4.07033,-5.6908913
140,-5.6252184,-2.8937337,-5.04879,-5.338031,-4.51424,-2.2839727,-2.7124763,-5.8683653,-1.957631,-4.8936806,-3.7023485,-4.295764,-1.9708936,-6.6073637,-3.248692,-4.083816,-4.3056364,-1.4080378,-3.1734464,-4.0760098,-1.9691306,-0.22109015
141,-2.9236195,-7.673868,-6.50893,-7.3420954,-4.9712806,-3.3623736,-4.297763,-1.8365898,-3.5511208,-3.00524,-0.71400565,-6.199243,-4.4430895,-1.9377962,-2.0556986,-2.674287,-1.3146597,-5.139066,-6.7809453,-5.280105,-4.28077,-4.031659
142,-4.764921,-5.328647,-2.3704882,-5.258978,0.46062613,-2.634435,-3.4163907,-5.896735,-3.7658703,-5.3993196,-2.7528956,-5.7244854,-4.990757,-5.4175215,-4.9378586,-2.132359,-4.0613904,-4.954409,-5.0663905,-4.928134,-4.8166327,-5.157786
143,-3.429442,-6.0709963,-4.052452,-4.355673,1.0916694,-3.1937375,-3.3677237,-1.9587388,-3.1264172,-4.2272015,-0.8699448,-5.9144955,-5.295615,-2.4234881,-3.243052,-0.27900398,-1.0588381,-6.137568,-5.2146997,-4.0415854,-4.4725327,-6.06924
144,0.06998612,-6.6493464,-1.2960768,-5.0449967,-3.7448547,-4.278318,-4.199436,-5.654213,-5.220001,0.8732479,-3.144174,-3.4624028,-5.9047427,-4.057259,-5.1592083,-3.949625,-4.49061,-5.4686975,-4.6478624,-2.7413852,-4.672255,-5.465372
145,-3.4962177,-5.409028,-3.2620063,-3.4965184,1.6156093,-3.5774286,-3.8883636,-4.1925716,-2.9705741,-4.5980053,-2.8287158,-5.93025,-5.834032,-4.781089,-4.7403584,0.38906458,-2.8401196,-5.9695783,-5.324051,-5.9010134,-3.5112107,-5.334624
146,-1.291726,-4.0516086,-1.3509657,-2.5415828,-3.9197946,-3.759566,-2.5761106,-5.5558553,-4.3665547,-0.36609292,-4.20179,-0.5886152,-4.3450875,-3.5872984,-3.0501616,-3.4822977,-4.0910645,-3.987764,-2.0826678,-1.1724811,-3.4995766,-4.285253
147,-4.8070507,-6.0581484,-4.373212,-4.650352,1.3147136,-3.6039536,-3.5045264,-2.8778527,-3.6591158,-5.958397,-1.5646344,-6.5559177,-5.84539,-2.8178964,-3.9407234,0.086999476,-1.9399562,-6.4502563,-5.423707,-5.2713194,-4.357693,-6.1055317
148,-5.37711,-3.6133044,-6.562113,-6.241931,-6.1534457,-3.4041088,-3.110185,-5.493535,-3.1490507,-5.149565,-4.0648565,-4.8523297,-2.296844,-5.74896,-3.4273117,-4.171954,-4.453853,-2.2229207,-4.431838,-5.093742,-0.12733085,2.3807228
149,-2.4810226,-5.5333652,-1.0890397,-5.3803654,-1.8292011,-3.7158387,-3.6057246,-5.9716983,-4.348652,-1.6637206,-3.1908479,-4.469096,-5.175079,-5.703894,-4.7008185,-3.1182399,-4.468549,-4.950771,-4.6391,-3.8585408,-4.81529,-5.230129
150,-4.539035,-3.5772614,-2.9586482,-2.6279414,-1.473473,-1.7840967,-2.568566,-6.6771073,-0.5347819,-4.4811406,-4.2747326,-2.5268571,-4.1538343,-5.4512453,-2.0058153,-1.8066586,-3.4344616,-4.2442193,-4.403072,-5.12593,-3.810631,-6.209844
151,-6.454973,-1.8228923,-2.719044,-5.2298446,-6.2049007,-2.3753707,-1.6553534,-5.2223964,-3.450398,-4.176034,-5.019285,-2.2172616,-3.2175465,-5.975151,-1.1907789,-5.2736354,-2.8001997,-2.823264,0.30462462,-1.4142197,-3.6219242,-4.9574814
152,-5.7026067,-5.5987887,-6.109211,-7.2775326,-6.829559,-2.29132,-2.9714472,-2.3002994,-3.7637324,-5.231429,-3.2536113,-4.978527,-3.640822,-1.386775,-2.2014346,-3.3696342,-1.955241,-3.423,-3.939217,-2.6804934,-4.000641,-4.848909
153,-2.1920412,-5.502905,-4.553446,-4.460327,-2.389121,-3.1876247,-3.9945245,-5.04999,-2.5185547,-2.485046,-2.0605164,-4.054722,-4.412087,-3.8654876,-3.0088353,-1.7513984,-3.3778107,-4.421046,-5.4205685,-4.7794094,-3.3377154,-3.5529063
154,-0.9675511,-4.9410543,-2.0917034,-2.3073323,-3.5078113,-3.5795035,-3.4892504,-4.7883515,-3.5085723,0.8707559,-4.011347,1.2332513,-3.914974,0.12954706,-1.456571,-1.9379342,-3.1321795,-4.0461802,-3.2301655,-3.088076,-4.7128444,-5.484703
155,-3.9208505,-6.2241783,-6.719735,-6.840525,-5.0916657,-3.1682858,-3.4320426,-0.19196746,-2.7716217,-2.6733525,-0.81934816,-6.2321644,-3.54486,-3.0341253,-0.73459065,-2.7612817,0.38820952,-4.160762,-5.68336,-3.8784912,-3.421838,-2.6472218
156,-6.3229656,-3.208516,-5.0925474,-3.8997777,-3.1151278,-1.1135893,-1.4169569,-5.4182997,-1.7586281,-6.1084385,-2.4718046,-1.9647793,-2.4524066,-1.2034687,-0.41318232,-0.19927531,-3.506439,-3.801586,-3.1400774,-5.1480637,-1.8623719,-3.1377125
157,-1.0167524,-7.4832726,-4.472374,-4.8550367,-1.0684742,-3.260135,-4.297444,-1.4081558,-3.37085,-1.4437296,-0.026973218,-4.9965563,-5.1908336,-1.6133515,-2.2466693,-1.3928834,-0.586728,-6.2020235,-5.69672,-3.719139,-4.544418,-5.9034543
158,-2.21614,-5.946801,-1.1691605,-4.271534,0.21069556,-2.3341455,-3.919684,-6.210826,-3.8474343,-3.2479832,-2.3742056,-5.3078403,-5.4586177,-4.9767604,-4.978107,-2.4353352,-4.063995,-5.781188,-4.9751797,-4.8313847,-4.0700035,-5.5171266
159,-8.095743,-0.6798614,-3.6097085,-5.8531475,-6.3990664,-1.1262137,-0.0786023,-5.359539,-3.3008456,-6.569674,-4.972472,-3.4764042,-1.7213452,-5.327803,-2.4521537,-5.0419393,-3.974166,-0.6242807,-0.22405972,-1.0398365,-3.383586,-2.8053098
160,-5.49307,-2.7867835,-3.0461059,-1.9053961,-1.0045066,-3.135845,-2.6048155,-6.0456676,-2.695804,-5.152928,-6.2984858,-0.9246564,-4.644796,-5.2929764,-2.5802495,-2.735385,-2.767145,-4.371934,-1.8874124,-4.1222973,-4.058493,-6.869546
161,-2.6370943,-6.5155873,-1.883001,-4.752795,1.5314633,-3.2180278,-3.7812893,-4.7369075,-4.328478,-3.6435494,-2.2706823,-5.7869267,-5.6787744,-4.3581367,-5.1086674,-1.8901592,-3.3190293,-5.8487697,-5.898274,-4.6005464,-5.2931294,-5.9234824
162,-3.8792427,-3.3525424,-2.8645525,-3.3134124,-2.1764495,-1.5208238,-2.521437,-6.5682864,-0.71131766,-4.0461297,-3.6875663,-3.5789924,-3.1087298,-5.8538876,-2.0639338,-2.9093993,-3.4127536,-3.6934907,-3.8048594,-4.7855835,-2.8386514,-4.3238354
163,-4.639368,-2.7479131,-3.0918622,-3.335986,-3.607866,-1.6891909,-2.416961,-6.293672,-1.3402927,-2.9728568,-4.672409,-0.45693046,-3.4121253,-4.6258645,-0.81118333,-3.217256,-3.0814521,-3.5098708,-2.5831697,-3.8211205,-4.5859923,-6.8016806
164,-1.9078709,-3.9769137,-1.8314408,-3.036589,-4.4296184,-2.598476,-2.1964366,-5.9348893,-3.0872374,0.124256864,-3.8281465,0.3960451,-3.493988,-3.3921442,-1.2976329,-3.5971417,-3.5717852,-3.9887478,-3.2732806,-2.2323837,-4.2684593,-5.157182
165,-5.0366054,-6.6068287,-6.082292,-5.717782,-4.562657,-3.1583364,-3.1615415,-2.4493747,-4.3242702,-6.2086406,-3.1719904,-4.32596,-4.0156674,0.08325875,-2.8892438,-1.6503559,-2.5147088,-4.0786653,-5.071664,-3.8128924,-4.035356,-5.1779103
166,-2.2799127,-3.9521244,-0.53287953,-2.318998,-2.229891,-4.2285028,-3.0818918,-5.5331025,-5.5599775,-1.5977136,-4.7075143,0.3358559,-5.1387672,-1.1609613,-3.7347052,-0.8612489,-4.1810203,-3.8309233,-0.8826754,-1.6384485,-4.6723523,-5.8930807
167,-4.4079046,-4.9407682,-3.1220584,-4.0139666,0.5411842,-3.6979382,-3.6906593,-4.805808,-3.215849,-4.8374133,-3.2066154,-5.4202623,-5.5658817,-5.3845735,-4.381643,-0.32600388,-3.2411964,-5.2924247,-4.6986876,-5.2497997,-3.9159248,-5.347807
168,-3.990339,-4.0028358,-1.8101845,-4.719719,-5.5654845,-3.3804982,-2.538774,-5.346861,-5.0997453,-2.8152037,-4.705877,-1.7976571,-3.998517,-1.7250602,-3.5731025,-3.2566395,-4.689283,-2.5900085,-1.4868265,-1.431632,-5.139671,-5.264769
169,-2.4133375,-4.860033,0.05808179,-5.791297,-5.3334355,-3.8021674,-3.5166872,-7.145022,-4.6568723,-0.807646,-4.3467793,-2.4768236,-4.780757,-4.8675933,-3.4975448,-4.6956596,-4.8558083,-4.9149995,-3.0367293,-2.5332355,-5.84569,-6.951552
170,-7.111033,-1.485232,-2.0650768,-5.37323,-6.545229,-2.6933072,-1.2289827,-4.8853865,-4.3794336,-4.73476,-5.760086,-2.7238061,-2.8824832,-6.7698708,-2.0498283,-5.698245,-2.9639466,-1.9539034,0.24942116,-0.6121366,-3.6414487,-3.3666577
171,-4.008724,-4.7379947,-3.7111733,-1.5268943,-1.4683247,-2.8375134,-2.9704008,-5.0482593,-2.916593,-4.8254094,-5.117431,-0.034490526,-4.175584,-2.3260736,-1.995674,-1.65887,-2.8175688,-4.2794538,-2.9468482,-4.1890173,-4.0826025,-7.2484474
172,-6.5412464,-3.5722058,-3.722104,-4.7475185,-5.7467356,-3.1723382,-1.4809152,-5.5576887,-3.4988372,-6.406521,-4.9468822,-2.5376713,-1.9718316,-4.4683537,-1.5300577,-3.2709346,-4.239113,-2.6672933,-2.5693173,-3.9635112,-2.7550762,-2.2553866
173,-4.884305,-3.377537,-5.578047,-6.0974026,-6.841184,-3.4459217,-3.0678847,-5.90791,-3.6448941,-3.8156,-4.4131827,-4.20088,-2.5253537,-6.3405666,-4.0230184,-4.9522305,-4.9604597,-1.7334327,-3.6871161,-4.216632,-0.8271773,2.4194703
174,-5.2656717,-2.1878269,-2.2865407,-2.192672,-2.4576194,-2.8242562,-1.9700636,-7.1994605,-2.2676306,-4.356422,-5.7525034,-0.23821487,-3.5865312,-6.078941,-2.115027,-3.0267267,-3.9858959,-3.8180268,-1.542961,-3.9615197,-3.186882,-4.8353767
175,-3.8145125,-1.8593221,-0.7882888,-2.904672,-4.7008786,-3.7450187,-1.7445531,-5.989543,-4.965717,-2.5510023,-5.9366264,-1.196899,-3.7089968,-5.9109354,-4.018736,-4.2924204,-4.5735188,-2.0757592,0.27807516,-0.13210177,-3.045499,-3.4192326
176,-5.936701,-6.078828,-6.8483224,-7.817587,-6.404138,-3.9614954,-3.6226642,0.47894734,-4.500037,-4.241851,-3.0360632,-6.104777,-4.387408,-2.7850885,-1.7554901,-3.8009024,0.545973,-3.995403,-4.5128164,-2.6371765,-4.089437,-4.1216245
177,-4.0571604,-6.8047843,-6.035281,-5.163459,-0.97269213,-3.0371346,-3.7759578,-2.007011,-2.9899127,-5.1544013,-0.38201565,-6.284693,-4.993426,-1.634751,-2.7475667,-0.4130076,-1.5406849,-5.618715,-5.7409906,-5.5374107,-4.0156827,-4.8467956
178,-2.4529345,-6.145558,-5.7612915,-6.172612,-4.6216063,-2.5388973,-3.4772098,-3.7330854,-3.1653404,-2.8308334,-0.9995438,-5.133791,-3.3336177,-1.9901806,-2.0143092,-2.0755427,-2.7365084,-4.619534,-6.7683883,-5.706583,-2.6705947,-2.22789
179,-3.9547856,-4.372554,-1.7604331,-6.6269403,-6.497955,-3.2370057,-2.7680662,-4.855715,-5.127615,-1.4562678,-3.9723225,-3.68976,-4.3170276,-3.3930798,-3.5637774,-5.0739737,-4.020073,-2.8413613,-2.787415,-1.2428687,-6.154842,-5.1618257
180,-6.6231155,-2.6934156,-3.0713177,-5.5130577,-5.135513,-0.24858321,-1.9919518,-6.74158,-2.9281754,-6.2267423,-4.201089,-2.6868188,-2.8555646,-3.1557975,-3.2182446,-4.045019,-4.748852,-1.4928018,-0.66214633,-2.57285,-4.238279,-5.6432853
181,-2.3808348,-5.297026,-4.601869,-3.5333066,-3.4737833,-3.0006266,-3.30563,-4.8066893,-1.4183507,-1.2333142,-2.4758306,-1.194301,-3.7556884,-2.262238,-0.41667598,-1.8849028,-2.2731955,-4.699172,-5.0590096,-4.9333105,-3.558451,-4.9940753
182,-6.006136,-5.145052,-5.5980043,-7.5145354,-6.0313816,-0.8641361,-2.6503284,-5.2964125,-2.9678926,-5.809334,-1.4500359,-5.6244855,-3.4666367,-2.2625651,-2.5205448,-3.4516308,-4.1658864,-3.8968055,-4.64061,-4.25785,-3.3476188,-3.5563626
183,-2.685341,-7.3009415,-4.9650254,-3.9824603,-2.5848222,-3.8331022,-3.9055247,-2.1174655,-3.5526128,-3.8830256,-2.8205152,-2.7615616,-4.8251095,-0.67856294,-1.6272291,-1.4919431,-1.2818813,-5.769869,-5.247095,-4.0440574,-4.281114,-7.160315
184,-3.6016896,-3.8496644,-4.0146656,-3.3385038,-4.2118254,-1.0909971,-1.8374596,-5.978185,-0.45180896,-2.2746649,-2.4740932,-0.8178816,-1.8053741,-2.990488,0.4650634,-2.5475197,-3.2833705,-3.5169728,-4.5618463,-5.095625,-2.5144322,-2.9271548
185,-3.5825188,-5.0694413,-3.0531776,-6.4031577,-5.5882225,-2.1094224,-3.245664,-7.2480955,-3.2258775,-2.7814023,-2.1377754,-3.6168127,-3.5123816,-4.344956,-2.9761734,-4.3762217,-5.530299,-3.629262,-3.9036415,-3.9420638,-4.293533,-3.558704
186,-3.8273425,-3.0802474,-1.6579581,-3.4874694,-3.3829064,-4.4214497,-2.583522,-5.4133263,-5.2809696,-2.064527,-5.062539,-1.408645,-5.575252,-3.775321,-4.6195474,-3.4292417,-4.0925093,-3.5617554,-0.48079884,-0.44002518,-4.952274,-6.3368473
187,-5.5760007,-3.2697546,-5.9614744,-6.155429,-6.141641,-2.6274512,-2.9155774,-4.765874,-2.6566806,-4.7899594,-3.7790403,-5.165716,-1.560071,-6.2374945,-3.2774158,-5.0305696,-3.9492178,-1.2818688,-3.4742236,-4.1026735,-0.97080696,1.9514399
188,-5.3526115,-6.047981,-5.528311,-7.9072523,-5.6725955,-1.5183016,-2.9828403,-4.9339714,-3.2615457,-5.432248,-0.68323886,-5.9987397,-3.6665971,-1.7150546,-2.5717018,-3.3183894,-3.9784992,-4.2226186,-4.904676,-4.3129215,-3.725641,-3.5129151
189,-4.6755886,-6.3413467,-6.353442,-5.9876614,-2.2217681,-2.8976743,-3.783572,-2.5083683,-3.170724,-5.406304,-1.2035685,-6.8365912,-4.9107704,-2.376902,-3.4437356,-0.46787226,-2.3323865,-4.942187,-6.1256714,-5.948309,-3.3990157,-3.9945064
190,-3.0070856,-5.9758983,-5.0882754,-4.626768,-0.49783638,-3.4517076,-3.8461926,-3.04458,-2.5117385,-3.6523547,-1.3883789,-5.5533743,-5.138683,-2.2441988,-2.9832,-0.010254147,-2.1185603,-5.485247,-5.930462,-5.424722,-4.5571594,-5.932273
191,-3.339276,-3.5821764,-2.2372344,-2.8823354,-1.7350543,-1.177181,-2.0591433,-6.274312,-0.4805556,-3.5142272,-3.2914295,-3.552994,-3.1463656,-5.391023,-1.4679186,-2.2923806,-3.0149162,-4.154074,-4.51851,-4.6184645,-2.8129997,-5.322782
192,-5.825249,-4.073353,-4.1118374,-4.5618153,-2.8762875,-1.9436964,-2.4872348,-7.31586,-3.533194,-6.2256246,-3.8586657,-1.7780576,-4.072869,-2.2964344,-2.4910622,-1.3107747,-4.847147,-4.425221,-3.165947,-5.079755,-3.586437,-5.5525193
193,-3.937041,-5.9871006,-1.7580638,-4.71971,1.3514551,-3.0274823,-3.6942863,-5.37778,-4.6139665,-4.3461404,-2.4273767,-5.182642,-5.578173,-4.484797,-5.103153,-2.0639048,-3.8237991,-5.0002265,-4.7452917,-4.0428185,-5.8508253,-6.484457
194,-4.682287,-2.198345,-1.7025216,-5.2148623,-6.250133,-3.4608705,-1.7441707,-4.723121,-5.2159815,-2.545671,-5.308301,-3.0482793,-3.6774316,-4.893929,-3.9439983,-5.2736416,-3.8315666,-1.6814016,-0.8207164,0.44981658,-4.210065,-3.498492
195,-3.3926075,-3.2898657,-1.7339207,-2.4671426,-3.2762616,-4.363492,-2.7312362,-6.160781,-4.7102194,-2.0992942,-5.105707,-0.3551938,-5.1479053,-3.869954,-4.001631,-3.0042758,-4.886289,-3.5712378,-0.6570638,-1.4899137,-4.3545804,-5.3603964
196,-4.095934,-3.4945734,-4.077138,-5.370243,-6.8465085,-3.080408,-2.63284,-6.8931074,-3.393361,-2.7191832,-4.413844,-2.797395,-2.4582415,-5.706326,-3.2662115,-4.971901,-5.4117527,-2.3326564,-3.5642903,-4.261319,-1.846466,0.8054279
197,-1.9035362,-4.611039,-3.3681183,-2.0742505,-2.4077787,-2.9266963,-2.9079275,-5.155228,-2.071455,-0.5688268,-3.6163218,1.0102493,-3.980485,-2.0751057,-0.64987123,-1.6873846,-2.371692,-4.8827395,-4.140838,-4.2065945,-3.951062,-5.672383
198,-5.0214844,-5.0933943,-4.0051746,-4.393264,-0.24465373,-2.9597795,-3.6600788,-4.617168,-3.0941067,-5.4902225,-3.0979092,-5.170155,-4.7675147,-5.5844717,-4.399311,-1.0770065,-3.2628498,-4.3575478,-5.044693,-5.415112,-3.6201384,-3.9438205
199,-4.7034173,-2.668122,-2.0425417,-4.2866597,-5.428742,-2.5088556,-2.43808,-7.6417284,-2.6872792,-3.3360445,-4.7478037,-1.1757205,-3.094383,-6.1599026,-2.0260592,-4.488475,-4.852556,-3.153269,-1.32215,-3.329558,-3.3679197,-3.8980658
200,-5.1087093,-2.8516848,-2.771287,-3.6622293,-4.4384584,-2.4889324,-2.5774417,-7.765901,-2.8013506,-4.6504164,-4.5842514,-0.5549172,-3.61836,-4.9470115,-2.4036388,-2.9864714,-5.5003834,-3.5268927,-1.5416523,-3.7528415,-3.4445071,-4.328016
201,-3.066646,-4.2069874,0.38739696,-3.3163905,-4.597521,-2.352208,-2.2423694,-7.060038,-3.755468,-2.4656215,-4.582718,-0.24872093,-3.335437,-3.5474315,-1.7873402,-3.0619826,-5.2138076,-3.6761675,-2.4541178,-2.3907673,-5.284589,-6.1160083
202,-0.86839455,-6.2254286,-2.0045254,-6.1326857,-5.496439,-3.557176,-3.8487666,-4.52726,-5.2541633,0.37652162,-2.5330176,-3.8708906,-4.69081,-2.8120065,-3.7880845,-4.4128995,-3.7074893,-4.335212,-4.2389307,-2.2074554,-5.3879976,-5.059651
203,-4.319854,-3.467613,-3.890932,-5.058678,-6.3564963,-2.3214965,-1.9968591,-4.791319,-2.2807522,-1.990685,-3.4513319,-1.6077107,-2.3776112,-4.626324,0.006955702,-4.683511,-2.9406197,-2.8494952,-2.8375561,-2.9709346,-3.1582286,-2.6331441
204,-7.03731,-1.7512598,-2.4677124,-5.037299,-6.049463,-3.0113742,-1.7376403,-6.79087,-4.0561333,-5.258948,-6.255967,-2.567941,-3.5887198,-7.3347898,-2.7561588,-5.370183,-4.142442,-2.6960819,0.05816689,-1.8882401,-2.8415,-4.135781
205,-4.516249,0.07151093,-1.6952676,-0.91625637,-1.6666704,-2.0662596,-0.26551455,-4.1377773,-3.2176538,-3.6277578,-4.6113453,0.9462079,-2.357716,-2.5858035,-2.0438395,-0.8669365,-2.6354809,-1.1360819,2.2003157,0.07714511,-2.413755,-3.865532
206,-2.6828282,-4.0444646,-1.0641147,-4.3861723,-4.63499,-3.161609,-2.6865957,-6.3905525,-3.3665314,-0.5260851,-4.125662,-0.9755602,-4.2025905,-4.331865,-1.875687,-3.7071867,-3.8465023,-4.5877056,-3.1794844,-2.5445018,-5.471966,-6.96503
207,-3.218362,-7.5122433,-5.705782,-7.169658,-5.1329713,-3.0411594,-4.4296107,-1.6000811,-4.455471,-2.8270702,-1.0827248,-5.3508654,-5.1304145,-0.9463644,-2.648533,-3.5503168,-1.1532934,-4.759187,-4.533655,-3.1860769,-5.73953,-6.1415877
208,-2.1697016,-4.6788125,-2.973936,-5.740401,-5.026115,-3.3449633,-3.038511,-2.4416037,-4.156502,0.022352744,-1.8878527,-3.268226,-4.9554963,-2.3444157,-2.3946447,-3.6064157,-1.5336945,-3.92005,-2.1669397,-0.1539393,-5.4537225,-6.227363
209,-1.3622546,-5.186968,-3.6489775,-1.1101303,-2.040568,-3.028468,-3.0808322,-3.3137677,-2.7223392,-1.1589007,-3.0405087,0.45457733,-3.492217,-0.8193978,-1.0051906,-1.526939,-1.7029598,-4.5044975,-3.4695597,-3.6664839,-3.513214,-4.7378573
210,-2.500178,-5.4715776,-4.897609,-1.3145552,-1.8526276,-3.3900168,-2.440194,-1.6678171,-2.6701412,-2.884215,-2.839675,-0.66286623,-2.8168588,-0.75189334,0.23951073,-0.377576,-0.47012132,-4.852553,-4.109409,-4.5839224,-2.4324434,-3.5975704
211,-3.17798,-4.891223,-4.0564303,-3.721665,-2.25436,-2.2640727,-3.1627996,-5.1067505,-1.0630476,-2.865797,-2.4264424,-2.6950095,-3.621974,-3.8427763,-0.8070378,-1.5380253,-2.6297526,-4.447792,-4.7947583,-5.0368834,-4.0725427,-6.224571
212,-3.5735056,-5.967903,-5.253569,-5.8056912,-4.011699,-2.1867123,-3.1665084,-4.869696,-2.8106287,-4.48264,-1.4218135,-4.3828216,-3.6237097,-0.74255586,-1.9965074,-1.7453033,-3.4189963,-5.0401464,-6.2845125,-5.411388,-3.3024235,-4.131175
213,-5.989116,-3.4265127,-6.458914,-4.793133,-4.4465384,-2.6931381,-1.7739466,-4.2759023,-2.2920046,-6.5412927,-3.8620477,-3.400594,-1.4990083,-3.470418,-1.7574341,-2.1642501,-3.4380863,-2.4740605,-4.184271,-5.3860216,-1.1577811,0.14933157
214,-3.4238288,-5.958272,-3.7361052,-3.887768,1.5150989,-3.7762058,-3.934306,-3.841817,-3.2624393,-4.794636,-2.6107607,-6.2941246,-6.0334644,-4.147985,-4.77333,0.5127227,-2.6699836,-6.31792,-5.95743,-6.003502,-3.4203725,-5.3332486
215,-5.825145,-3.9635973,-4.849125,-6.065196,-5.266498,-0.74222887,-1.932602,-6.6222243,-1.9867096,-6.1553593,-2.159224,-4.7140503,-2.0031686,-3.4995875,-2.4928532,-3.2329533,-5.0654655,-2.7924874,-4.7017035,-5.1652737,-2.4288633,-1.8715758
216,-4.9785323,-4.299196,-0.3350449,-6.650211,-5.8262277,-3.1928327,-3.3989842,-6.8818455,-4.673178,-3.4959137,-4.6396523,-3.7056212,-5.14955,-5.8895345,-3.5905461,-5.1874866,-4.4972987,-4.8694115,-1.1103382,-2.134886,-5.5708327,-7.5022473
217,-2.9302437,-6.85937,-1.5290805,-4.2979393,2.2412896,-3.8036425,-4.1670794,-5.163869,-5.1273537,-4.1369424,-2.8211517,-5.5877333,-6.401731,-4.756369,-5.6462326,-1.707284,-3.5987751,-6.250629,-5.678,-4.7546353,-5.4325166,-6.6702847
218,-0.13717733,-6.8049,-2.6856947,-5.870167,-5.210444,-4.0724287,-4.5053744,-3.900036,-5.222967,0.68519145,-2.6991746,-3.8007739,-4.922845,-2.443861,-3.876204,-3.9662614,-3.353023,-4.180267,-4.5630703,-2.7797863,-5.5415845,-5.1041884
219,-1.0680262,-3.672631,-1.4830884,-2.8003361,-4.1758227,-3.4468434,-2.46686,-5.6129575,-3.345362,0.7775902,-3.89857,0.12973365,-3.6328025,-3.781536,-1.9640378,-3.3838036,-3.6463144,-3.9622216,-2.667957,-1.9554152,-3.5575154,-3.9445002
220,-6.576565,-1.5212125,-1.4642435,-4.3266826,-5.44811,-1.7664518,-1.5963254,-6.5289407,-3.1251473,-5.3199735,-5.362984,-1.8055216,-2.59278,-6.350331,-1.4934642,-4.8667293,-3.7741349,-2.4582534,0.54835397,-2.330505,-3.360473,-3.6709142
221,-5.249911,-3.30704,-1.7810488,-3.3337235,-4.129789,-1.5394589,-2.6826074,-6.9208503,-3.0269804,-4.655212,-5.4857945,-1.1460539,-4.051671,-4.460929,-2.0869026,-3.7003756,-3.6819308,-3.5653608,-1.7016683,-3.5363908,-4.25184,-6.751244
222,-5.1174297,-5.6600404,-6.0733624,-7.32586,-5.965553,-3.1218696,-2.7884295,0.579414,-3.6218956,-3.3317926,-2.132545,-5.5025826,-3.639468,-2.8019958,-0.74376845,-3.8734016,1.1372461,-3.8275027,-4.205904,-1.8736022,-4.045709,-3.981681
223,-5.8775797,-5.7901893,-5.684884,-6.12366,-6.025207,-4.064601,-2.7456105,-0.56985587,-3.6578,-5.561976,-4.8267865,-6.434158,-3.1793337,-4.103693,-1.9114298,-4.3198023,-0.5346594,0.23578724,-4.915572,-3.5285435,-2.4812477,-3.1372752
224,-7.0076146,-2.5404093,-3.0416622,-6.347806,-6.7780585,-2.6408143,-2.383808,-4.964104,-4.545033,-5.223908,-5.326993,-3.690979,-3.8159568,-6.280125,-2.1785722,-5.771111,-2.8944275,-2.8163927,0.3757233,-1.5346972,-3.738351,-4.5047607
225,-7.019422,-3.91491,-6.2291627,-6.8547697,-6.829967,-3.1335456,-1.8927802,-1.1574092,-3.703729,-5.4336042,-3.9331543,-4.9722476,-2.8879485,-3.799981,-0.6402396,-4.173358,-0.5172086,-2.9095204,-3.1385553,-2.1706414,-2.503249,-2.2986445
226,-2.634238,-6.361808,-4.7355275,-4.7037106,-0.08119407,-3.5320463,-3.8443604,-2.5715733,-3.080112,-3.638103,-0.7459761,-5.7178698,-5.281348,-2.032691,-3.0079532,-0.3695218,-1.7038288,-6.062193,-5.8275795,-4.754174,-4.601341,-5.8465085
227,-2.8962703,-4.908125,-1.2973253,-6.7612333,-6.8534827,-3.5217702,-3.3285015,-5.825967,-5.131007,-1.0196198,-3.7435727,-3.4477675,-4.834663,-3.9400554,-3.7413964,-5.3235416,-4.383078,-3.9829452,-2.41225,-1.0499882,-5.5525727,-6.074146
228,-3.4122474,-4.3286443,-4.08529,-4.6036005,-5.0480866,-2.2282915,-3.1247895,-5.333248,-2.5421567,-1.3056552,-2.3158479,-1.0137011,-3.4719026,-2.5717888,-2.0089712,-3.7178185,-3.8108852,-3.0032225,-2.9239862,-3.1267052,-4.2141037,-3.6778083
229,-4.955818,-2.4952738,-1.6621462,-3.4985332,-5.035858,-3.2829156,-2.3513787,-6.8578835,-4.196898,-3.9648,-5.360077,-0.74939686,-4.0557704,-5.032496,-3.1861193,-3.586748,-5.256266,-2.9298823,-0.1641885,-1.9723994,-4.0076566,-4.5886903
230,-7.221237,-1.7938789,-3.3086567,-4.5636168,-5.7726083,-3.1006553,-0.6184337,-3.7659135,-3.3976698,-5.9612703,-5.508767,-3.1567104,-1.5112215,-5.7737083,-1.3156519,-4.157566,-2.6373913,-1.8836285,-1.4187148,-2.3641372,-2.478306,-1.2531158
231,-1.6726326,-8.073262,-4.952531,-6.7179537,-4.152188,-3.3971672,-4.8446875,-1.2443427,-4.629932,-2.1620674,-1.0266807,-5.7188697,-5.6249886,-1.3560164,-2.8733912,-2.576113,-0.99806154,-5.5706887,-5.242446,-3.295664,-5.485223,-6.5765257
232,-6.270178,-5.08673,-6.6243296,-5.924942,-4.4996567,-2.8233864,-2.4559662,-1.6788795,-3.2718427,-6.5445247,-4.136294,-5.094304,-3.6008341,-2.2867174,-1.8033601,-2.761852,-0.9635472,-3.8995984,-3.9379945,-2.9230883,-3.2155,-5.2603593
233,-5.094443,-2.3023252,-3.6546493,-4.3310614,-5.1190386,-1.5265604,-2.0351906,-5.443182,-1.5226241,-2.9129777,-3.7856667,-0.9938491,-2.6384804,-4.700257,-0.3343675,-3.8647401,-2.979889,-2.2507563,-1.2324487,-2.7925267,-3.5401094,-3.9780188
234,-2.0981777,-4.7988014,-2.0770504,-6.1986256,-6.8296485,-3.5196283,-3.1634576,-5.2959485,-4.963624,-0.2583732,-3.8874984,-3.2853453,-3.898554,-4.0033283,-3.2996497,-5.3539553,-4.1666374,-3.1561139,-3.421362,-1.2569242,-4.72426,-4.156388
235,-5.4357443,-7.8621607,-5.748367,-5.608824,-4.73754,-4.2465887,-3.9600034,-2.0846584,-5.1776886,-7.043363,-4.20844,-4.364703,-4.9013257,-0.785655,-3.7277718,-1.8413831,-2.3830955,-5.229138,-4.483844,-4.165455,-4.813585,-6.474423
236,-4.7277937,-3.7915494,-5.3303547,-5.417582,-6.2215557,-3.437381,-3.4105937,-6.220996,-2.4284267,-4.0196176,-4.379903,-3.8555062,-2.6280527,-6.628005,-3.3056314,-4.693016,-4.746514,-2.3838954,-3.2521412,-4.819559,-1.0678195,-0.06218658
237,-3.24334,-4.579608,-4.179314,-3.9987094,-5.8627315,-4.479645,-2.323149,-4.7005367,-4.097333,-3.2624679,-5.0861244,-2.278991,-2.5369484,-4.1565146,-3.081432,-3.875442,-4.2664394,-2.7497418,-3.635492,-3.8197124,-1.6117666,0.050332326
238,-3.5054882,-5.1615734,-3.5096574,-2.8115704,-3.1408274,-2.411888,-2.5508082,-5.272262,-1.4707239,-2.9653277,-2.8152943,-0.27639952,-2.6393306,-2.2047648,1.0034882,-0.46305627,-2.9263453,-4.732947,-5.4370623,-6.060072,-3.4889612,-4.3594394
239,-4.4699893,-3.3822935,-1.7760568,-5.255159,-6.23751,-2.2665288,-1.8622808,-4.7773614,-3.825107,-2.2826314,-4.105999,-2.1197,-3.3446674,-4.690551,-1.7859665,-5.392652,-3.1934848,-2.942129,-1.3304933,-0.5345926,-4.5862584,-4.6587343
240,-4.124609,-4.363413,-4.936923,-5.6721697,-4.2482285,-2.4866743,-3.3361633,-3.885939,-1.8186808,-3.338751,-2.401105,-5.6713824,-2.8873532,-5.0898004,-2.836533,-2.5912414,-2.881936,-2.8489559,-4.4066525,-4.4912653,-2.64899,-2.6699328
241,-4.7251835,-3.5044508,-5.8252373,-5.716482,-6.8133616,-3.9639952,-2.9654427,-5.8618145,-3.5623398,-4.2475076,-4.6667137,-3.639245,-2.620868,-5.64245,-3.792462,-4.0490694,-4.910983,-2.148614,-3.6543462,-4.189437,-0.8332528,1.415035
242,-7.7718716,-1.1811813,-4.9057274,-5.486916,-5.389899,-1.68468,-1.0624316,-6.1528606,-2.602816,-7.7611833,-4.680331,-3.3334887,-1.6429222,-4.7342525,-2.8602262,-2.5731716,-4.874014,-1.267258,-1.3101937,-3.517332,-2.0664108,-1.9058589
243,-4.3229237,-5.9016805,-5.069613,-4.5557137,0.5633893,-3.5654724,-3.6274009,-2.0560246,-3.0810843,-5.2697687,-1.4297174,-6.749771,-5.6757336,-2.5122619,-3.7360172,0.37656474,-1.5389297,-6.209351,-5.5687366,-5.272438,-3.833033,-5.4725885
244,-4.1577578,-6.7919464,-6.4990396,-7.143855,-5.481279,-4.0024724,-3.7271855,0.9364123,-4.436517,-3.1844792,-2.4712465,-6.4732413,-3.9555397,-2.8645215,-2.0459943,-3.5453455,0.8093576,-4.1885324,-5.284198,-3.4210684,-3.6603363,-3.0416245
245,-5.842183,-4.2803373,-4.740548,-3.087212,0.8778658,-3.078975,-2.5009236,-4.812935,-3.3502207,-6.6577234,-3.1851478,-3.490033,-4.994369,-2.1067057,-2.7354078,1.6585828,-2.9715023,-5.619001,-4.2385225,-5.9958954,-2.6105907,-4.709251
246,-4.392625,-5.4352484,-2.1891403,-5.493925,-0.43876675,-2.4383385,-3.4305007,-6.4934483,-3.8713918,-4.9392266,-2.5483313,-5.2163897,-5.0479636,-4.7085233,-4.72682,-2.6128552,-4.5834966,-5.0191846,-4.6983576,-4.479165,-5.072454,-5.9153485
247,-3.6185563,-4.119424,-1.8386098,-6.6038985,-6.934975,-3.3846257,-2.9576135,-4.500959,-5.0807333,-1.5322887,-3.9940128,-3.8809593,-4.6227,-4.71621,-3.8517206,-5.650523,-3.561915,-3.269357,-1.5802039,0.0042465106,-4.9488416,-4.9960146
248,-4.0268764,-5.3353457,-6.4412203,-4.6235385,-1.5135583,-3.090073,-3.3637135,-1.2331113,-1.966018,-4.381076,-1.4343724,-6.1674633,-4.310825,-2.9780307,-2.1541967,-0.40341803,-0.65082216,-4.9615035,-5.573782,-4.8752728,-2.644599,-3.8438778
249,-4.1022825,-6.0997853,-5.855858,-4.5429564,-0.2762842,-3.4127152,-3.8097348,-2.2794263,-2.9633691,-5.0840025,-1.1275834,-6.0753684,-5.4317937,-1.4333473,-3.48837,1.0547303,-1.9465905,-5.6198463,-5.5101624,-5.888355,-3.1532586,-4.50615
250,-1.9376413,-7.0727615,-5.4035635,-6.5294495,-4.778592,-3.0362165,-4.2067137,-0.91122025,-3.9120965,-1.333852,-1.0420883,-5.7978396,-4.6846023,-2.7561216,-2.1464314,-3.4166133,-0.29031074,-4.726446,-4.8796816,-2.8064463,-4.4686055,-4.8546176
251,-7.610073,-0.1991112,-4.269164,-5.848711,-6.7244625,-1.1369042,-0.6532129,-5.9485207,-3.452799,-6.1928687,-4.841713,-3.4170387,-1.9507351,-5.615768,-3.685435,-5.0397987,-4.715711,-0.06155628,0.070208,-1.3525534,-2.7225792,-1.2698745
252,-2.6181571,-4.348546,-3.528202,-0.48663938,-1.05682,-3.999901,-2.540774,-5.770284,-2.8080096,-3.915444,-5.208926,0.4106962,-3.6762943,-3.6543965,-2.786584,-1.6877514,-3.786327,-4.33696,-2.8799205,-4.873307,-2.6010783,-4.4081264
253,-6.096027,-2.355547,-3.8238482,-5.311638,-6.592082,-1.9452331,-1.2790567,-4.1093807,-3.9492745,-5.169443,-4.93699,-3.3355792,-2.6846836,-3.9496632,-3.2618303,-5.6631784,-3.4420671,-0.7244008,-0.040879056,0.3878807,-3.1374443,-2.7973037
254,-5.1057177,-5.077223,-5.382689,-4.8795004,-5.0852847,-3.3792112,-3.341676,-5.160699,-2.2680233,-4.909577,-3.9817965,-2.9176881,-3.1424103,-3.8693929,-1.2369267,-2.3917112,-3.4521725,-3.9898539,-5.0507793,-6.0512815,-2.5379026,-2.704853
255,-4.0026255,-2.870385,-1.1388001,-4.5086927,-5.4979997,-2.4506762,-1.7666366,-6.95537,-3.0679247,-2.3905277,-3.8299387,-0.8636162,-2.9919844,-5.344203,-2.475638,-4.3050117,-5.016079,-3.2120204,-1.557514,-1.8898739,-3.635455,-3.8330262
256,-4.7998095,-7.143654,-5.788883,-7.567178,-5.659594,-4.3418026,-3.9672804,-0.7406644,-5.4111276,-4.1707125,-2.815115,-5.808247,-5.2215,-1.7873725,-2.9604034,-3.3929942,-0.7661851,-4.5382323,-4.4462576,-2.8629105,-5.3872337,-5.9808745
257,-3.319783,-7.1183777,-6.78919,-6.7991276,-5.1941905,-3.5378265,-4.0906806,0.4362927,-3.5772219,-2.758256,-1.4877476,-6.3917127,-4.2005415,-2.7975206,-1.7322539,-2.6360888,0.42686218,-4.775591,-5.8869476,-3.628073,-3.1906302,-3.5475936
258,-3.9064472,-3.0797427,-1.8476508,-2.8736565,-1.9357541,-0.723062,-1.8548843,-6.7121882,-0.7261916,-3.4518797,-3.9687433,-2.4075265,-3.2349708,-5.183195,-0.84200615,-2.949109,-2.897597,-4.4476247,-4.01911,-4.496627,-3.6511066,-6.2813015
259,-5.7334266,-2.8081696,-5.2679067,-3.4487083,-1.2626168,-2.2658374,-2.3053622,-3.882732,-1.8992995,-6.0449905,-3.358168,-5.219541,-3.045577,-6.832249,-3.418748,-1.7363977,-2.6523857,-2.7453268,-3.312812,-4.082989,-1.0315152,-1.5973115
260,-6.0027447,-5.882895,-4.296328,-4.023115,-4.402352,-3.3662431,-3.0718055,-0.45934337,-2.6876945,-6.7574234,-4.047211,-5.457913,-4.138997,-2.0488791,-2.309092,-2.7630236,-0.838417,-2.383735,-3.421305,-3.67644,-2.7796237,-5.447185
261,-3.0923736,-4.981795,-0.8859669,-5.8499293,-4.9732227,-2.4230196,-3.506948,-7.846617,-3.769092,-2.381754,-3.1623733,-3.2696118,-3.9882903,-5.100793,-3.4452791,-4.261751,-5.6981444,-4.1325583,-3.2762332,-3.79922,-4.867299,-5.1726413
262,-2.7078798,-4.918463,-3.6429749,-3.85361,-0.10519388,-2.499822,-3.0570993,-3.2160275,-1.6301024,-3.0896335,-1.1724098,-5.197714,-4.292311,-3.5971713,-2.813347,-0.8498536,-2.0116186,-5.057018,-4.427515,-4.1792126,-3.3801355,-5.205972
